source,Created by,Created time,URL,books,knowledges,societies,title,year
med_pylori,Raphaël Lee,"June 8, 2023 9:57 PM",https://www.has-sante.fr/jcms/c_2774179/fr/pertinence-des-actes-et-prescriptions-medicamenteuses-chez-un-patient-adulte-infecte-par-helicobacter-pylori,"HGE (https://www.notion.so/HGE-1919b6f7cd214ce182d463189ac67f00?pvs=21), CVD (https://www.notion.so/CVD-c21f3ce5df994a788b75c28a6dda07a6?pvs=21)",N272N13 (https://www.notion.so/N272N13-c79c2c14c675418b9a9b66d8603773d1?pvs=21),HAS,Pertinence des actes et prescriptions médicamenteuses chez un patient adulte infecté par Helicobacter pylori.,2017
contraception,Raphaël Lee,"June 8, 2023 9:57 PM",http://www.cngof.fr/pratiques-cliniques/recommandations-pour-la-pratique-clinique/apercu?path=RPC%2BCOLLEGE%252F2018%252FCNGOF_RPC_2018-CONTRACEPTION.pdf&i=21002,GYO (https://www.notion.so/GYO-6481918bf3ba4cb298b95d37eb7b4161?pvs=21),N036N01 (https://www.notion.so/N036N01-4c9c058e8dd64ee8a9a7311ffd9c0095?pvs=21),CNGOF,RPC Contraception.,2018
ivg_med,Raphaël Lee,"June 8, 2023 9:57 PM",https://www.has-sante.fr/upload/docs/application/pdf/2021-03/reco406_recommandations_ivg_medicamenteuse_mel.pdf,GYO (https://www.notion.so/GYO-6481918bf3ba4cb298b95d37eb7b4161?pvs=21),N037N08 (https://www.notion.so/N037N08-db604f5e61f0493ea599009b43941e50?pvs=21),HAS,Interruption volontaire de grossesse par voie médicamenteuse.,2021
cytologie_anormale,Denis,"June 18, 2023 12:33 PM",https://www.e-cancer.fr/Expertises-et-publications/Catalogue-des-publications/Conduite-a-tenir-devant-une-femme-ayant-une-cytologie-cervico-uterine-anormale-Version-interactive-a-telecharger,GYO (https://www.notion.so/GYO-6481918bf3ba4cb298b95d37eb7b4161?pvs=21),N300N05 (https://www.notion.so/N300N05-139537c8738f42ebafe4ccd2fbbbf4e6?pvs=21),INCa,Recommandation sur la conduite à tenir devant une femme présentant une cytologie anormale.,2016
pec_anorexie,Denis,"June 18, 2023 12:33 PM",https://www.has-sante.fr/upload/docs/application/pdf/2010-09/reco_anorexie_mentale.pdf,"NUT (https://www.notion.so/NUT-43b662e11b3c41f0aa4cce9a77c9dd48?pvs=21), PSY (https://www.notion.so/PSY-ef2a135d3a4c486e812ea75f3d9a4aa5?pvs=21)",N071N10 (https://www.notion.so/N071N10-0e50f14c5c4045df978ccacaea77e442?pvs=21),HAS,"Anorexie mentale : prise en charge. ",2020
boulimie,Denis,"June 18, 2023 12:33 PM",https://www.has-sante.fr/upload/docs/application/pdf/2019-09/boulimie_et_hyperphagie_boulimique_-_recommandations.pdf,"NUT (https://www.notion.so/NUT-43b662e11b3c41f0aa4cce9a77c9dd48?pvs=21), PSY (https://www.notion.so/PSY-ef2a135d3a4c486e812ea75f3d9a4aa5?pvs=21)",N071N16 (https://www.notion.so/N071N16-2ea80ed0040d49e98c7fabaa370c4e69?pvs=21),HAS,Boulimie et hyperphagie boulimique.,2019
ttt_osteoporose_meno,Denis,"June 18, 2023 12:33 PM",http://www.grio.org/documents/page500/actualisation-2018-recommandations-opm.pdf,RHU (https://www.notion.so/RHU-0670a384f08745d8b1b9d160192c78db?pvs=21),N128N08 (https://www.notion.so/N128N08-d84eb4c409d24b6a82607fdc540f2991?pvs=21),GRIO,"Recommandation sur le traitement de l’ostéoporose post-ménopausique. ",2018
depression_ado,Denis,"June 18, 2023 12:33 PM",https://www.has-sante.fr/jcms/c_1795182/fr/depression-de-l-adolescent-comment-reperer-et-prendre-en-charge,PSY (https://www.notion.so/PSY-ef2a135d3a4c486e812ea75f3d9a4aa5?pvs=21),N066N06 (https://www.notion.so/N066N06-f60750e5ea9e4684b057302512f3b86f?pvs=21),HAS,Dépression de l’adolescent.,2014
k_prostate,Denis,"June 18, 2023 12:33 PM",https://www.urofrance.org/base-bibliographique/recommandations-francaises-du-comite-de-cancerologie-de-lafu-actualisation-17,"URO (https://www.notion.so/URO-a3bef97eb2704fe9b9d8a5d2d86478e5?pvs=21), ONC (https://www.notion.so/ONC-6b8ef9eef2604c1db839015a29d2d780?pvs=21)",N310N07 (https://www.notion.so/N310N07-9b39a44d9bfa4edd847033a0cd4808a0?pvs=21),AFU,Recommandations françaises du comité de cancérologie de l’AFU - Actualisation 2020-2022 : cancer de la prostate.,2020
fin_de_vie_droits,Denis,"June 18, 2023 12:33 PM",https://www.legifrance.gouv.fr/codes/article_lc/LEGIARTI000041721056,"MLT_L (https://www.notion.so/MLT_L-3b4409680d0e46f493a28acd02621e05?pvs=21), ONC (https://www.notion.so/ONC-6b8ef9eef2604c1db839015a29d2d780?pvs=21), DSP (https://www.notion.so/DSP-a6345e53837148ce8e35250e7ba291e2?pvs=21)",N141N05 (https://www.notion.so/N141N05-48d0751a11ee49359590748d22c1fa58?pvs=21),CSP,"Article L.1111-4 du Code de la Santé publique sur les droits des malades en fin de vie. ",2020
pec_mtev,Denis,"June 18, 2023 12:33 PM",https://ansm.sante.fr/var/ansm_site/storage/original/application/ae4209ebc36d7164d4b7c876ddeaabab.pdf,"MCA (https://www.notion.so/MCA-9cfc22bcc3ad4ddbb371a939bfac9817?pvs=21), PNE (https://www.notion.so/PNE-919294f827b84a9a9180f7679a2c1170?pvs=21), TPT (https://www.notion.so/TPT-57ff030465c14170ae6610c5011306b8?pvs=21)","N226N13 (https://www.notion.so/N226N13-6909b310b0f44e589e81df8c81eef2b1?pvs=21), N226N10 (https://www.notion.so/N226N10-cae6eba0a8ce4735ac5166a3cbcb2139?pvs=21)",ANSM,Recommandation sur le traitement et la prévention de la maladie thrombo-embolique veineuse en médecine.,2013
pnds_lupus,Denis,"June 18, 2023 12:33 PM",https://www.has-sante.fr/upload/docs/application/pdf/2017-03/dir1/pnds_-_lupus_systemique.pdf,MII (https://www.notion.so/MII-b35ed2b2ea584bdc80f106ffdb527c56?pvs=21),N194N15 (https://www.notion.so/N194N15-a02cb22a3e4f4818856ea01c98a42f18?pvs=21),HAS,PNDS du lupus systémique.,2017
pnds_sclerodermie,Denis,"June 18, 2023 12:33 PM",https://www.has-sante.fr/jcms/c_717292/fr/sclerodermie-systemique,MII (https://www.notion.so/MII-b35ed2b2ea584bdc80f106ffdb527c56?pvs=21),N239N04 (https://www.notion.so/N239N04-f029824d4bb646b998b5179c5d719905?pvs=21),HAS,PNDS de la sclérodermie systémique.,2020
vaccins_immunodep,Denis,"June 18, 2023 12:33 PM",https://www.hcsp.fr/Explore.cgi/AvisRapportsDomaine?clefr=322,SPU_SPU (https://www.notion.so/SPU_SPU-c6389188e0b841268ede395b2f9e106b?pvs=21),N191N10 (https://www.notion.so/N191N10-638a525ece4147eebde4de652f4edc2a?pvs=21),HCSP,Recommandations sur la vaccination des personnes immunodéprimées ou aspléniques.,2014
surdosage_avk,Denis,"June 18, 2023 12:33 PM",https://www.has-sante.fr/upload/docs/application/pdf/2008-09/surdosage_en_avk_situations_a_risque_et_accidents_hemorragiques_-_synthese_des_recommandations_v2.pdf,"TPT (https://www.notion.so/TPT-57ff030465c14170ae6610c5011306b8?pvs=21), GER (https://www.notion.so/GER-7af7f32a3690433d871e3526db25fce7?pvs=21), MCA (https://www.notion.so/MCA-9cfc22bcc3ad4ddbb371a939bfac9817?pvs=21), HEM (https://www.notion.so/HEM-58376ef0b4724a19aa26b12d52d62aa8?pvs=21)",N330N08 (https://www.notion.so/N330N08-12a7f4a9e3884cea8caf7bbf8f193871?pvs=21),HAS,Prise en charge des surdosages en antivitamines K.,2008
k_orl,Denis,"June 18, 2023 12:33 PM",https://www.has-sante.fr/upload/docs/application/pdf/2009-12/ald_30_guide_vads_web.pdf,"ONC (https://www.notion.so/ONC-6b8ef9eef2604c1db839015a29d2d780?pvs=21), HGE (https://www.notion.so/HGE-1919b6f7cd214ce182d463189ac67f00?pvs=21), CVD (https://www.notion.so/CVD-c21f3ce5df994a788b75c28a6dda07a6?pvs=21)",N298N10 (https://www.notion.so/N298N10-6d4743014e7249de859c524696cd4b3b?pvs=21),HAS,Cancer des voies aérodigestives supérieures.,2009
contraception_postpartum,Denis,"June 18, 2023 12:33 PM",https://www.has-sante.fr/plugins/ModuleXitiKLEE/types/FileDocument/doXiti.jsp?id=c_2012590,GYO (https://www.notion.so/GYO-6481918bf3ba4cb298b95d37eb7b4161?pvs=21),N031N16 (https://www.notion.so/N031N16-63266ff8f17d4435b2936b40cad1ea51?pvs=21),HAS,Recommandations sur la contraception chez la femme en post-partum.,2019
rophylac,Denis,"June 18, 2023 12:33 PM",https://www.has-sante.fr/plugins/ModuleXitiKLEE/types/FileDocument/doXiti.jsp?id=c_944658 ,GYO (https://www.notion.so/GYO-6481918bf3ba4cb298b95d37eb7b4161?pvs=21),N027N29 (https://www.notion.so/N027N29-a80060190cdb4d8198c1f332537c9aca?pvs=21),HAS,Avis de la commission de la transparence sur le Rophylac®.,2010
mtev_grossesse,Denis,"June 18, 2023 12:33 PM",http://www.cngof.asso.fr/d_livres/2010_GO_169_benhamou.pdf,GYO (https://www.notion.so/GYO-6481918bf3ba4cb298b95d37eb7b4161?pvs=21),N226N02 (https://www.notion.so/N226N02-6fbaf487368e4d6dbf2e726bdfefb347?pvs=21),CNGOF,Maladie thromboembolique et grossesse.,2010
chute_personne_agee,Denis,"June 18, 2023 12:33 PM",https://www.has-sante.fr/upload/docs/application/pdf/2009-06/chutes_personnes_agees_synthese.pdf,"GER (https://www.notion.so/GER-7af7f32a3690433d871e3526db25fce7?pvs=21), RHU (https://www.notion.so/RHU-0670a384f08745d8b1b9d160192c78db?pvs=21)",N131N09 (https://www.notion.so/N131N09-08ce3bdccec640b78b2b955c76a34923?pvs=21),HAS,Recommandations sur la prise en charge de la chute de la personne âgée.,2009
med_osteoporose,Denis,"June 18, 2023 12:33 PM",https://www.has-sante.fr/jcms/c_1751307/fr/les-medicaments-de-l-osteoporose,"GER (https://www.notion.so/GER-7af7f32a3690433d871e3526db25fce7?pvs=21), RHU (https://www.notion.so/RHU-0670a384f08745d8b1b9d160192c78db?pvs=21)",N128N08 (https://www.notion.so/N128N08-d84eb4c409d24b6a82607fdc540f2991?pvs=21),HAS,"Les médicaments de l’ostéoporose. ",2019
dosage_vitd,Denis,"June 18, 2023 12:33 PM",https://www.has-sante.fr/upload/docs/application/pdf/2013-02/utilite_clinique_du_dosage_de_la_vitamine_d_-_note_de_cadrage.pdf,"GER (https://www.notion.so/GER-7af7f32a3690433d871e3526db25fce7?pvs=21), RHU (https://www.notion.so/RHU-0670a384f08745d8b1b9d160192c78db?pvs=21)",N128N06 (https://www.notion.so/N128N06-9c258b95fab240f08f85fef5ce53a357?pvs=21),HAS,Utilité clinique du dosage de la vitamine D.,2013
pec_meningites,Denis,"June 18, 2023 12:33 PM",https://pubmed.ncbi.nlm.nih.gov/31345498/,MIT (https://www.notion.so/MIT-a7b5a826a7294230805d7008d02b8317?pvs=21),N151N16 (https://www.notion.so/N151N16-7e022ee8291f475daed7b65b37acecf3?pvs=21),SPILF,Recommandations sur la prise en charge des méningites bactériennes.,2017
pnds_pti_1,Denis,"June 18, 2023 12:33 PM",https://www.has-sante.fr/upload/docs/application/pdf/2017-06/dir36/pnds-_purpura_thrombopenique_immunologique.pdf,"MII (https://www.notion.so/MII-b35ed2b2ea584bdc80f106ffdb527c56?pvs=21), HEM (https://www.notion.so/HEM-58376ef0b4724a19aa26b12d52d62aa8?pvs=21)",N214N12 (https://www.notion.so/N214N12-9df566d30a8b47fa9349069293f6ce37?pvs=21),HAS,"Purpura thrombopénique immunologique de l’enfant et de l’adulte. ",2017
annonce_cancer,Denis,"June 18, 2023 12:33 PM",https://www.e-cancer.fr/Professionnels-de-sante/Parcours-de-soins-des-patients/Dispositif-d-annonce,ONC (https://www.notion.so/ONC-6b8ef9eef2604c1db839015a29d2d780?pvs=21),N295N02 (https://www.notion.so/N295N02-a92e9142aaed43c4a2bbbce2ceb6c81d?pvs=21),INCa,Recommandations sur le dispositif d’annonce du cancer.,2005
tableaux_mp,Denis,"June 18, 2023 12:33 PM",https://www.inrs.fr/publications/bdd/mp/listeTableaux.html,MLT_T (https://www.notion.so/MLT_T-d0d08d2ed8ed4647a4cf48f09a824998?pvs=21),N184N04 (https://www.notion.so/N184N04-1917609bd868474eb891c5d25b47c377?pvs=21),INRS,Tableaux des maladies professionnelles.,
pec_hta,Denis,"June 18, 2023 12:33 PM",https://www.has-sante.fr/upload/docs/application/pdf/2016-10/fiche_memo_hta__mel.pdf,MCA (https://www.notion.so/MCA-9cfc22bcc3ad4ddbb371a939bfac9817?pvs=21),N224N14 (https://www.notion.so/N224N14-1bd6b682138e4696ad7e9f471a0e46f7?pvs=21),HAS,Prise en charge de l'hypertension artérielle de l’adulte.,2016
physiopath_bpco,Denis,"June 18, 2023 12:33 PM",https://jfvpulm.com/Post/showPost/250,PNE (https://www.notion.so/PNE-919294f827b84a9a9180f7679a2c1170?pvs=21),N209N01 (https://www.notion.so/N209N01-0bf0e02c36ee40af98645de210520369?pvs=21),JFVP,Physiopathologie de la broncho-pneumopathie chronique obstructive.,2013
bpco_sportive,Denis,"June 18, 2023 12:33 PM",https://www.has-sante.fr/upload/docs/application/pdf/2018-10/ref_aps_bpco_vf.pdf,PNE (https://www.notion.so/PNE-919294f827b84a9a9180f7679a2c1170?pvs=21),N209N11 (https://www.notion.so/N209N11-e74053b2975242969d761ff137fdf37b?pvs=21),HAS,Prescription d’activité physique et sportive. Bronchopneumopathie obstructive.,2018
pec_preeclampsie,Denis,"June 18, 2023 12:33 PM",http://www.cngof.net/Publications-CNGOF/Pratique-clinique/RPC%20COLLEGE/2020/RFE%20pre-eclampsie_2020.pdf,GYO (https://www.notion.so/GYO-6481918bf3ba4cb298b95d37eb7b4161?pvs=21),N344N08 (https://www.notion.so/N344N08-afcc5ed917bf468ba901dc56fa35bd8c?pvs=21),CNGOF,Prise en charge de la patiente avec une pré-éclampsie sévère.,2020
pancreatite_aigue,Denis,"June 18, 2023 12:33 PM",https://www.fmcgastro.org/textes-postus/no-postu_year/recommandations-internationales-sur-la-pancreatite-aigue/,HGE (https://www.notion.so/HGE-1919b6f7cd214ce182d463189ac67f00?pvs=21),N358N12 (https://www.notion.so/N358N12-e77e182f68024d7c80e8066b3af927d1?pvs=21),FMCGastro,Recommandations internationales sur la pancréatite aiguë,2015
pec_pancreatite_aigue,Denis,"June 18, 2023 12:33 PM",https://www.sciencedirect.com/science/article/pii/S1424390313005255?via%3Dihub,HGE (https://www.notion.so/HGE-1919b6f7cd214ce182d463189ac67f00?pvs=21),N358N12 (https://www.notion.so/N358N12-e77e182f68024d7c80e8066b3af927d1?pvs=21),IAP,Recommandations sur la prise en charge de la pancréatite aiguë.,2013
pec_infections_bacteriennes,Denis,"June 18, 2023 12:33 PM",https://www.has-sante.fr/upload/docs/application/pdf/2019-03/fiche_de_synthese_infections_cutanees_mel.pdf,MIT (https://www.notion.so/MIT-a7b5a826a7294230805d7008d02b8317?pvs=21),N177N25 (https://www.notion.so/N177N25-8235424945714a85afb950bce9a2008b?pvs=21),HAS,Prise en charge des infections cutanées bactériennes les plus courantes,2019
diag_pylori,Denis,"June 18, 2023 12:33 PM",https://www.has-sante.fr/upload/docs/application/pdf/2017-06/dir83/helicobacter_fiche_pertinence_diagnostic.pdf,HGE (https://www.notion.so/HGE-1919b6f7cd214ce182d463189ac67f00?pvs=21),N272N17 (https://www.notion.so/N272N17-0058c411107b423583b1da2927dda980?pvs=21),HAS,Recommandation sur le diagnostic de gastrite à H. pylori.,2017
ains,Denis,"June 18, 2023 12:33 PM",https://www.ansm.sante.fr/content/download/52167/671143/version/2/file/Rappel-BonUsageAINS130821.pdf,TPT (https://www.notion.so/TPT-57ff030465c14170ae6610c5011306b8?pvs=21),N330N01 (https://www.notion.so/N330N01-228f8185b0dc4f569d0515d9cf097adf?pvs=21),ANSM,Recommandation sur le bon usage des AINS.,2013
ttt_gastrite_pylori,Denis,"June 18, 2023 12:33 PM",https://www.has-sante.fr/upload/docs/application/pdf/2017-06/dir83/helicobacter_fiche_pertinence_traitement.pdf,HGE (https://www.notion.so/HGE-1919b6f7cd214ce182d463189ac67f00?pvs=21),N272N18 (https://www.notion.so/N272N18-c87a22d9fa6c4fa78e2e3e784bed8ca0?pvs=21),HAS,Recommandation sur le traitement de gastrite à H. pylori.,2017
med_adp,Denis,"June 18, 2023 12:33 PM",https://www.has-sante.fr/upload/docs/application/pdf/2014-07/fbum_adp_maj_juillet2014.pdf,"DSP (https://www.notion.so/DSP-a6345e53837148ce8e35250e7ba291e2?pvs=21), ONC (https://www.notion.so/ONC-6b8ef9eef2604c1db839015a29d2d780?pvs=21)",N135N04 (https://www.notion.so/N135N04-4cde92ff502b46f6841789ca2f436bfa?pvs=21),HAS,Les médicaments des accès douloureux paroxystiques du cancer.,2014
diag_toxo,Denis,"June 18, 2023 12:33 PM",https://www.has-sante.fr/upload/docs/application/pdf/2017-02/argumentaire_toxoplasmose_me_to.pdf,GYO (https://www.notion.so/GYO-6481918bf3ba4cb298b95d37eb7b4161?pvs=21),N173N16 (https://www.notion.so/N173N16-9d68a4d0a41c4c06aef91dd5e081f3a3?pvs=21),HAS,"Diagnostic biologique de la toxoplasmose acquise du sujet immunocompétent (dont la femme enceinte), la toxoplasmose congénitale (diagnostic pré- et postnatal) et la toxoplasmose oculaire.",2017
aag,Denis,"June 18, 2023 12:33 PM",https://ansm.sante.fr/var/ansm_site/storage/original/application/194fcef638d42481f19a2cd0f91f4fe1.pdf,TPT (https://www.notion.so/TPT-57ff030465c14170ae6610c5011306b8?pvs=21),N330N06 (https://www.notion.so/N330N06-cbdb7742d2d541f0af067a280d1dbfa7?pvs=21),ANSM,Recommandations sur l’usage des antiagrégants plaquettaires.,2012
bronchiolite,Denis,"June 18, 2023 12:33 PM",https://www.has-sante.fr/upload/docs/application/pdf/2019-11/hascnpp_bronchiolite_fiche_outil_pec_bronchiolite_coi_2019_10_10_vd.pdf,PED (https://www.notion.so/PED-271f6f29c76645f1bd54873f871b7d6e?pvs=21),N154N01 (https://www.notion.so/N154N01-cbb06324920b4019b6d03174b0ff88b0?pvs=21),HAS,Prise en charge du premier épisode de bronchiolite aiguë chez le nourrisson de moins de 12 mois,2019
sopk,Denis,"June 18, 2023 12:33 PM",https://academic.oup.com/humrep/article/32/2/261/2452298HAS,"EDN (https://www.notion.so/EDN-2e8c96d3b2ca476f90ac832e2154596e?pvs=21), GYO (https://www.notion.so/GYO-6481918bf3ba4cb298b95d37eb7b4161?pvs=21)",N042N08 (https://www.notion.so/N042N08-e6923176fa0c4f279dbd31e88f005d48?pvs=21),"ASRM, ESHRE",Conférence de consensus sur le syndrome des ovaires polykystiques.,2004
hypothyroidie,Denis,"June 20, 2023 12:16 AM",https://www.has-sante.fr/upload/docs/application/pdf/2019-03/fiche_pertinence_hypothyroidie_vf.pdf,EDN (https://www.notion.so/EDN-2e8c96d3b2ca476f90ac832e2154596e?pvs=21),N243N01 (https://www.notion.so/N243N01-6b84b4d99c104968b7b04ae8b3b13ff2?pvs=21),HAS,Fiche pertinence des soins - Hypothyroïdie.,2019
ttt_hemorroides,Denis,"June 20, 2023 12:16 AM",https://www.snfcp.org/wp-content/uploads/2017/Recommandations/RPC-MALADIE-HEMORROIDAIRE.pdf ,"HGE (https://www.notion.so/HGE-1919b6f7cd214ce182d463189ac67f00?pvs=21), CVD (https://www.notion.so/CVD-c21f3ce5df994a788b75c28a6dda07a6?pvs=21)",N288N13 (https://www.notion.so/N288N13-d25c01631e2c46cbb198dba966f00c10?pvs=21),SNCFP,Recommandations sur le traitement de la maladie hémorroïdaire.,2013
ald_ccr,Denis,"June 20, 2023 12:16 AM",https://www.has-sante.fr/upload/docs/application/pdf/guide_colon_version_web.pdf,"HGE (https://www.notion.so/HGE-1919b6f7cd214ce182d463189ac67f00?pvs=21), CVD (https://www.notion.so/CVD-c21f3ce5df994a788b75c28a6dda07a6?pvs=21), ONC (https://www.notion.so/ONC-6b8ef9eef2604c1db839015a29d2d780?pvs=21)",N301N16 (https://www.notion.so/N301N16-8a3859c080c14242a968e709a499af47?pvs=21),HAS,Guide ALD - Cancer colorectal.,2008
pec_ccr_non_meta,Denis,"June 20, 2023 12:16 AM",https://www.snfge.org/content/3-cancer-du-colon-non-metastatique,"HGE (https://www.notion.so/HGE-1919b6f7cd214ce182d463189ac67f00?pvs=21), CVD (https://www.notion.so/CVD-c21f3ce5df994a788b75c28a6dda07a6?pvs=21), ONC (https://www.notion.so/ONC-6b8ef9eef2604c1db839015a29d2d780?pvs=21)",N301N16 (https://www.notion.so/N301N16-8a3859c080c14242a968e709a499af47?pvs=21),TNCD,Recommandations sur la prise en charge du cancer du côlon non métastatique.,2019
complications_cirrhose,Denis,"June 20, 2023 12:16 AM",https://www.has-sante.fr/upload/docs/application/pdf/prise_en_charge_des_complications_des_cirrhoses_-_synthese.pdf,HGE (https://www.notion.so/HGE-1919b6f7cd214ce182d463189ac67f00?pvs=21),N279N08 (https://www.notion.so/N279N08-6213c1d95aa44e3391922c82961e2436?pvs=21),HAS,Recommandation sur la prise en charge des complications de la cirrhose.,2007
alcool_foie,Denis,"June 20, 2023 12:16 AM",https://www.fmcgastro.org/texte-postu/postu-2019-paris/maladie-alcoolique-du-foie-recommandations-easl-2018/,HGE (https://www.notion.so/HGE-1919b6f7cd214ce182d463189ac67f00?pvs=21),N279N07 (https://www.notion.so/N279N07-c774a8051c1140d592edde6cdfe026b1?pvs=21),FMCGastro,"Maladie alcoolique du foie ",2019
pec_ila,Denis,"June 20, 2023 12:16 AM",https://www.fmcgastro.org/textes-postus/no-postu_year/infection-du-liquide-dascite-diagnostic-traitement-et-prevention/,HGE (https://www.notion.so/HGE-1919b6f7cd214ce182d463189ac67f00?pvs=21),N279N09 (https://www.notion.so/N279N09-6dbefbf445b04e0392a19d9fbe756030?pvs=21),FMCGastro,"Prévention et traitement de l’ISLA ",2015
k_estomac,Denis,"June 20, 2023 12:16 AM",https://www.fmcgastro.org/textes-postus/postu-2014/prevention-et-depistage-du-cancer-de-lestomac/,HGE (https://www.notion.so/HGE-1919b6f7cd214ce182d463189ac67f00?pvs=21),N303N08 (https://www.notion.so/N303N08-8082f9ab08be4580ab754b7a9038237f?pvs=21),FMCGastro,Prévention et dépistage du cancer de l’estomac,2014
consort,Denis,"June 20, 2023 12:16 AM",http://www.consort-statement.org/Media/Default/Downloads/CONSORT%202010%20Statement/CONSORT%202010%20Statement%20(BMJ).pdf,LCA (https://www.notion.so/LCA-8ad93473ea2e4a008b38669bdba1b74c?pvs=21),N323N24 (https://www.notion.so/N323N24-83c6f5e7d07649eb9228c42026edb291?pvs=21),CONSORT,Recommandations pour rendre compte d’un essai contrôlé randomisé.,2010
pnds_pemphigoide,Denis,"June 20, 2023 12:16 AM",https://www.has-sante.fr/upload/docs/application/pdf/2020-05/pnds_pemphigoide_bulleuse_avril_2020_final_2020-05-28_19-23-51_71.pdf,DVE (https://www.notion.so/DVE-f3ed06f2f89d49989289d778675d430b?pvs=21),N112N03 (https://www.notion.so/N112N03-7e2777ac751943bfbbb3669eacfb9754?pvs=21),HAS," PNDS Pemphigoïde bulleuse.",2020
ald,Denis,"June 20, 2023 12:16 AM",https://www.ameli.fr/medecin/exercice-liberal/presciption-prise-charge/situation-patient-ald-affection-longue-duree/definition-ald,SPU_SPU (https://www.notion.so/SPU_SPU-c6389188e0b841268ede395b2f9e106b?pvs=21),N019N12 (https://www.notion.so/N019N12-d99ab099a4f9410fa03bce0c551d1d78?pvs=21),ameli.fr,Qu’est-ce qu’une affection de longue durée ?,2023
pec_epilepsie,Denis,"June 20, 2023 12:31 AM",https://www.has-sante.fr/upload/docs/application/pdf/2020-10/reco308_recommandations_epilepsies_preparation_mel.pdf,NEU (https://www.notion.so/NEU-9bcfc12415c6451d93ac2feabe6c356e?pvs=21),N105N12 (https://www.notion.so/N105N12-63365f0ea3bc4226a6d059b552d5700b?pvs=21),HAS,Épilepsies : Prise en charge des enfants et des adultes,2020
premiere_epilepsie,Denis,"June 20, 2023 12:31 AM",https://www.sf-neuro.org/files/files/recommandations.pdf,NEU (https://www.notion.so/NEU-9bcfc12415c6451d93ac2feabe6c356e?pvs=21),N105N10 (https://www.notion.so/N105N10-1739691470e74bb09a066f3a46d0ca67?pvs=21),SFN,Prise en charge d’une première crise d’épilepsie de l’adulte,2014
mouvements_anormaux_sommeil,Denis,"June 20, 2023 12:31 AM",https://www.revmed.ch/revue-medicale-suisse/2018/revue-medicale-suisse-604/mouvements-anormaux-lies-au-sommeil,NEU (https://www.notion.so/NEU-9bcfc12415c6451d93ac2feabe6c356e?pvs=21),N110N12 (https://www.notion.so/N110N12-6ff4fdf16e9443558871c407a63a1360?pvs=21),REVMED,Mouvements anormaux liés au sommeil,2018
cen_dfgsm,Denis,"June 20, 2023 12:31 AM",https://www.cen-neurologie.fr/premier-cycle,NEU (https://www.notion.so/NEU-9bcfc12415c6451d93ac2feabe6c356e?pvs=21),"N091N05 (https://www.notion.so/N091N05-e223c1044d734ae0b20f1d9c892f7590?pvs=21), N103N05 (https://www.notion.so/N103N05-1135aae38659493f8a189308aa2bfc86?pvs=21), N118N07 (https://www.notion.so/N118N07-7101780d4d9845cbb077746361b91e2d?pvs=21)",CEN,Sémiologie neurologique du premier cycle,
precautions_hygiene,Denis,"June 20, 2023 12:31 AM",https://sf2h.net/wp-content/uploads/2017/06/HY_XXV_PS_versionSF2H.pdf,"SPU_SPU (https://www.notion.so/SPU_SPU-c6389188e0b841268ede395b2f9e106b?pvs=21), MIT (https://www.notion.so/MIT-a7b5a826a7294230805d7008d02b8317?pvs=21)",N004N43 (https://www.notion.so/N004N43-2c7088dcfbde455d909645c492065cbe?pvs=21),SF2H,Recommandations sur les précautions standard d’hygiène.,2017
annonce_dommage_soins,Denis,"June 20, 2023 12:31 AM",https://www.has-sante.fr/upload/docs/application/pdf/2011-05/annonce_dommage_associe_aux_soins_guide.pdf,SPU_SPU (https://www.notion.so/SPU_SPU-c6389188e0b841268ede395b2f9e106b?pvs=21),N004N03 (https://www.notion.so/N004N03-8fd2f4d155ce4292bb08bd8b3fdd9f68?pvs=21),HAS,Guide pour l’annonce d’un dommage associé aux soins.,2011
alarm,Denis,"June 20, 2023 12:31 AM",https://www.has-sante.fr/jcms/c_1215806/fr/grille-alarm,SPU_SPU (https://www.notion.so/SPU_SPU-c6389188e0b841268ede395b2f9e106b?pvs=21),N005N14 (https://www.notion.so/N005N14-11778e3aeb1b42e3af313f177058c2f0?pvs=21),HAS,Grille ALARM.,2022
rmm,Denis,"June 20, 2023 12:31 AM",https://www.has-sante.fr/upload/docs/application/pdf/2013-02/revue_mortalite_et_de_morbidite_rmm_fiche_technique_2013_01_31.pdf,,N006N07 (https://www.notion.so/N006N07-1d018e512f2f40059ea7631de9856916?pvs=21),HAS,Fiche technique sur la revue de morbidité et de mortalité.,2013
check_list,Denis,"June 20, 2023 12:31 AM",https://www.has-sante.fr/upload/docs/application/pdf/2016-02/mode_demploi_et_version_2016_de_la_check-list_securite_du_patient_au_bloc_operatoire.pdf,"SPU_SPU (https://www.notion.so/SPU_SPU-c6389188e0b841268ede395b2f9e106b?pvs=21), ARE (https://www.notion.so/ARE-2b701790c9e44d7d8c1f5acb0ec401ed?pvs=21)",N006N06 (https://www.notion.so/N006N06-093aca6dec0048818a7322b43fb7761b?pvs=21),HAS,Mode d’emploi de la check-list au bloc opératoire.,2016
tetanique_plaie,Denis,"June 20, 2023 12:37 AM",https://www.hcsp.fr/explore.cgi/avisrapportsdomaine?clefr=350,"MIT (https://www.notion.so/MIT-a7b5a826a7294230805d7008d02b8317?pvs=21), COT (https://www.notion.so/COT-bdd92695910443918e277e246b3f1c15?pvs=21)",N160N03 (https://www.notion.so/N160N03-8703cc75fe1b4fe0a391fdded10c0dc3?pvs=21),HCSP,Recommandations sur la prise en charge du risque tétanique des plaies.,2013
pec_plaie,Denis,"June 20, 2023 12:37 AM",https://www.sfmu.org/upload/consensus/rbp_plaies2017_v2.pdf,"MIT (https://www.notion.so/MIT-a7b5a826a7294230805d7008d02b8317?pvs=21), COT (https://www.notion.so/COT-bdd92695910443918e277e246b3f1c15?pvs=21)",N173N13 (https://www.notion.so/N173N13-01c553c2b9a9438dbe2b06dee0a15479?pvs=21),"SFMU, SPILF",Recommandations sur la prise en charge d’une plaie aiguë aux urgences.,2017
calendrier_vaccins,Denis,"June 20, 2023 12:37 AM",https://sante.gouv.fr/IMG/pdf/calendrier_vaccinal-juillet2025.pdf,"MIT (https://www.notion.so/MIT-a7b5a826a7294230805d7008d02b8317?pvs=21), PED (https://www.notion.so/PED-271f6f29c76645f1bd54873f871b7d6e?pvs=21)",N146N06 (https://www.notion.so/N146N06-42e70f58d00041f7b71e442676578802?pvs=21),"HAS, MSP",Calendrier vaccinal,2025
pnds_ahai,Denis,"June 20, 2023 12:37 AM",https://www.has-sante.fr/upload/docs/application/pdf/2017-02/pnds_ahai_version_actualisee_2017.pdf,"MII (https://www.notion.so/MII-b35ed2b2ea584bdc80f106ffdb527c56?pvs=21), HEM (https://www.notion.so/HEM-58376ef0b4724a19aa26b12d52d62aa8?pvs=21)",N213N07 (https://www.notion.so/N213N07-02eb3e78aa204e218b2e438328cf8f9d?pvs=21),HAS,PNDS anémie hémolytique auto-immune.,2017
ttt_lithiase_urinaire,Denis,"June 20, 2023 12:37 AM",https://www.has-sante.fr/upload/docs/application/pdf/2017-06/dir135/fiche_pertinence_traitements_interventionnels_premiere_intention_calculs_urinaires.pdf,URO (https://www.notion.so/URO-a3bef97eb2704fe9b9d8a5d2d86478e5?pvs=21),N265N14 (https://www.notion.so/N265N14-e7f8c6a04a69463da1ca08cdd836beb6?pvs=21),HAS,Recommandation sur les traitements interventionnels des calculs urinaires.,2017
indication_epp,Denis,"June 20, 2023 12:37 AM",https://www.has-sante.fr/jcms/c_2742018/fr/quand-prescrire-une-electrophorese-des-proteines-seriques-eps-et-conduite-a-tenir-en-cas-d-une-immunoglobuline-monoclonale,"RHU (https://www.notion.so/RHU-0670a384f08745d8b1b9d160192c78db?pvs=21), MII (https://www.notion.so/MII-b35ed2b2ea584bdc80f106ffdb527c56?pvs=21), NEP (https://www.notion.so/NEP-d090aa92851f4f88a3bac671a533d5a8?pvs=21)",N320N02 (https://www.notion.so/N320N02-17f914918af84efebc4b964d6f5fba99?pvs=21),HAS,“Quand prescrire une électrophorèse des protéines sériques [...]”.,2017
recherche_dpd,Denis,"June 20, 2023 12:49 AM",https://www.has-sante.fr/jcms/c_2966449/fr/cancer-recherche-d-un-deficit-en-enzyme-dihydropyrimidine-deshydrogenase-dpd-avant-chimiotherapie,ONC (https://www.notion.so/ONC-6b8ef9eef2604c1db839015a29d2d780?pvs=21),N294N12 (https://www.notion.so/N294N12-6e832221a0fe4fe7bb4a61fcd17eb03d?pvs=21),HAS,Cancer : recherche d’un déficit en enzyme dihydropyrimidine déshydrogénase (DPD) avant chimiothérapie,2019
abords_vasc_rea,Denis,"June 20, 2023 12:49 AM",https://www.srlf.org/wp-content/uploads/2019/04/20190417-RFE-Abords-vasculaires.pdf,"MIR (https://www.notion.so/MIR-ebaa00d93ea4444b8d820001833c3bc5?pvs=21), ARE (https://www.notion.so/ARE-2b701790c9e44d7d8c1f5acb0ec401ed?pvs=21)",N229N04 (https://www.notion.so/N229N04-f150f99087e6420f9a732d0f8d82438d?pvs=21),SRLF,Recommandations de la gestion des abords vasculaires en réanimation.,2019
nutri_pcc,Denis,"June 20, 2023 12:49 AM",https://www.sciencedirect.com/science/article/abs/pii/S0985056200800862,HGE (https://www.notion.so/HGE-1919b6f7cd214ce182d463189ac67f00?pvs=21),N281N10 (https://www.notion.so/N281N10-a39afa114fbf4628a2289e4100cd914a?pvs=21),SFNEP,Nutrition et pancréatite chronique,1999
pec_nicotine,Denis,"June 20, 2023 12:49 AM",https://www.ameli.fr/assure/remboursements/rembourse/medicaments-vaccins-dispositifs-medicaux/prise-charge-substituts-nicotiniques,"PNE (https://www.notion.so/PNE-919294f827b84a9a9180f7679a2c1170?pvs=21), PSY (https://www.notion.so/PSY-ef2a135d3a4c486e812ea75f3d9a4aa5?pvs=21)",N075N26 (https://www.notion.so/N075N26-4195348ce305437491af2d0742418c5a?pvs=21),ameli.fr,Arrêt du tabac : quelle prise en charge pour les substituts nicotiniques ?,2022
bb_cardioselectifs,Denis,"June 20, 2023 12:49 AM","https://www.cochrane.org/fr/CD003566/AIRWAYS_les-beta-bloquants-cardioselectifs-sont-ils-surs-et-efficaces-chez-les-patients-atteints-de#:~:text=En%20conclusion%2C%20les%20bêta%2Dbloquants,pas%20d%27effets%20indésirables%20respiratoires","PNE (https://www.notion.so/PNE-919294f827b84a9a9180f7679a2c1170?pvs=21), MCA (https://www.notion.so/MCA-9cfc22bcc3ad4ddbb371a939bfac9817?pvs=21)",N330N03 (https://www.notion.so/N330N03-ea50fd77e56b47b5b78ba33ca5b98e9e?pvs=21),Cochrane,Les bêta-bloquants cardiosélectifs sont-ils sûrs et efficaces chez les patients atteints de bronchopneumopathie chronique obstructive ?,2005
pec_lombalgie,Denis,"June 20, 2023 12:59 AM",https://www.has-sante.fr/jcms/c_2961499/fr/prise-en-charge-du-patient-presentant-une-lombalgie-commune,RHU (https://www.notion.so/RHU-0670a384f08745d8b1b9d160192c78db?pvs=21),N094N12 (https://www.notion.so/N094N12-150b09bf1ecd4d22ac0fec7b3de2fc29?pvs=21),HAS,"Recommandation sur la prise en charge de la lombalgie aiguë. ",2019
directives_anticipees,Denis,"June 20, 2023 12:59 AM",https://www.service-public.fr/particuliers/vosdroits/F32010,DSP (https://www.notion.so/DSP-a6345e53837148ce8e35250e7ba291e2?pvs=21),N009N20 (https://www.notion.so/N009N20-37ce423645ab4c6a84f3b8c65b80435f?pvs=21),service-public.fr,Directives anticipées : dernières volontés sur les soins en fin de vie.,2021
depistage_aaa,Denis,"June 20, 2023 12:59 AM",https://has-sante.fr/upload/docs/application/pdf/2013-02/aaa_fiche_med_vfinale.pdf,MCA (https://www.notion.so/MCA-9cfc22bcc3ad4ddbb371a939bfac9817?pvs=21),N225N11 (https://www.notion.so/N225N11-8e2bf588d5d84c12adc8812013a273d6?pvs=21),HAS,"Dépistage et prévention des anévrismes de l’aorte abdominale. ",2012
denutrition_enfant_adulte_PA,Denis,"June 20, 2023 12:59 AM",https://www.has-sante.fr/upload/docs/application/pdf/2019-11/fiche_outil_diagnostic_denutrition.pdf,NUT (https://www.notion.so/NUT-43b662e11b3c41f0aa4cce9a77c9dd48?pvs=21),"N250N05 (https://www.notion.so/N250N05-d3b4385721114323be0faf906854b204?pvs=21), N250N06 (https://www.notion.so/N250N06-3d16399de2a748b49ea0262e62b2d5ac?pvs=21)",HAS,Diagnostic de la dénutrition de l’enfant et de l’adulte.,2019
pec_diverticulite,Denis,"June 20, 2023 1:04 AM",https://www.has-sante.fr/upload/docs/application/pdf/2017-12/fs_diverticulite_v5.pdf,"HGE (https://www.notion.so/HGE-1919b6f7cd214ce182d463189ac67f00?pvs=21), CVD (https://www.notion.so/CVD-c21f3ce5df994a788b75c28a6dda07a6?pvs=21)","N287N10 (https://www.notion.so/N287N10-c6adad14d65f4982886883118b2a89f4?pvs=21), N287N11 (https://www.notion.so/N287N11-821b5dd49fd34cafbdc6dbfba86e50aa?pvs=21)",HAS," Prise en charge médicale et chirurgicale de la diverticulite colique.",2017
old,Denis,"June 20, 2023 1:04 AM",https://www.has-sante.fr/upload/docs/application/pdf/2013-01/rapport_oxygenotherapie.pdf,PNE (https://www.notion.so/PNE-919294f827b84a9a9180f7679a2c1170?pvs=21),N208N13 (https://www.notion.so/N208N13-0d616e836be84e089e38c5bdf840f57a?pvs=21),HAS,Oxygénothérapie à domicile,2012
efr_ecn,Denis,"June 20, 2023 1:04 AM",http://cep.splf.fr/wp-content/uploads/2015/07/EFR-pourECN2017.pdf,PNE (https://www.notion.so/PNE-919294f827b84a9a9180f7679a2c1170?pvs=21),"N188N12 (https://www.notion.so/N188N12-a95affa852ac41f29e7a180e8c14296d?pvs=21), N267N03 (https://www.notion.so/N267N03-6e65de92e7c744efb3728158d10c386d?pvs=21)",CEP,Explorations Fonctionnelles Respiratoires et équilibre acido-basique aux ECN,2017
pec_hemochromatose,Denis,"June 20, 2023 1:04 AM",https://www.has-sante.fr/upload/docs/application/pdf/fiche_de_synth_350se_hfe-1_finale.pdf,HGE (https://www.notion.so/HGE-1919b6f7cd214ce182d463189ac67f00?pvs=21),N219N19 (https://www.notion.so/N219N19-da077ad802894ada800d29218ddd19a2?pvs=21),HAS,Prise en charge de l’hémochromatose liée au gène HFE.,2005
infarctus_renal,Denis,"June 20, 2023 1:10 AM",https://vincentbourquin.files.wordpress.com/2009/11/infarctus-renal.pdf,"NEP (https://www.notion.so/NEP-d090aa92851f4f88a3bac671a533d5a8?pvs=21), URO (https://www.notion.so/URO-a3bef97eb2704fe9b9d8a5d2d86478e5?pvs=21)",N263N10 (https://www.notion.so/N263N10-f22d4b55d60546319fd11d620551868b?pvs=21),REVMED,L’infarctus rénal : un diagnostic méconnu.,2009
regime_vege_enfant,Denis,"June 20, 2023 1:10 AM",https://pubmed.ncbi.nlm.nih.gov/32331916/,PED (https://www.notion.so/PED-271f6f29c76645f1bd54873f871b7d6e?pvs=21),N369N01 (https://www.notion.so/N369N01-c3e9f7f211064be78f1d4cfed0eeeca3?pvs=21),CNSFP,Vegetarian diet in children and adolescents : A health benefit ?,2020
regime_vegan_enfant,Denis,"June 20, 2023 1:10 AM",https://www.sciencedirect.com/science/article/abs/pii/S0929693X19301368,PED (https://www.notion.so/PED-271f6f29c76645f1bd54873f871b7d6e?pvs=21),N369N01 (https://www.notion.so/N369N01-c3e9f7f211064be78f1d4cfed0eeeca3?pvs=21),GFHGNP,Vegan diet in children and adolescents.,2019
ttt_diabete,Denis,"June 20, 2023 1:10 AM",https://www.has-sante.fr/upload/docs/application/pdf/2013-02/10irp04_synth_diabete_type_2_objectif_glycemique_messages_cles.pdf,EDN (https://www.notion.so/EDN-2e8c96d3b2ca476f90ac832e2154596e?pvs=21),N247N23 (https://www.notion.so/N247N23-4090e9a530374288bff0cd4191745bc6?pvs=21),HAS,Stratégie médicamenteuse du contrôle glycémique du diabète de type 2.,2013
transfusion_cgr,Denis,"June 20, 2023 10:32 PM",https://www.has-sante.fr/upload/docs/application/pdf/2015-02/transfusion_de_globules_rouges_homologues_-_produits_indications_alternatives_-_recommandations.pdf,HEM (https://www.notion.so/HEM-58376ef0b4724a19aa26b12d52d62aa8?pvs=21),N329N04 (https://www.notion.so/N329N04-01cf2898d1854b74a9c416ee59727736?pvs=21),HAS,"Transfusion de globules rouges homologues : produits, indications alternatives",2014
depistage_ccr,Denis,"June 20, 2023 10:32 PM",https://www.has-sante.fr/upload/docs/application/pdf/2017-06/dir71/fiche_memo_ccr.pdf,"HGE (https://www.notion.so/HGE-1919b6f7cd214ce182d463189ac67f00?pvs=21), ONC (https://www.notion.so/ONC-6b8ef9eef2604c1db839015a29d2d780?pvs=21), CVD (https://www.notion.so/CVD-c21f3ce5df994a788b75c28a6dda07a6?pvs=21)",N301N06 (https://www.notion.so/N301N06-713d66968bba41d7930b5bfa80573152?pvs=21),HAS,Cancer colorectal : modalités de dépistage et de prévention chez les sujets à risque élevé et très élevé,2017
k_rectum,Denis,"June 20, 2023 10:33 PM",https://www.snfge.org/content/5-cancer-du-rectum,"HGE (https://www.notion.so/HGE-1919b6f7cd214ce182d463189ac67f00?pvs=21), ONC (https://www.notion.so/ONC-6b8ef9eef2604c1db839015a29d2d780?pvs=21), CVD (https://www.notion.so/CVD-c21f3ce5df994a788b75c28a6dda07a6?pvs=21)",N301N01 (https://www.notion.so/N301N01-8edfdc3f5cd240eeacf4c93cfe536f6c?pvs=21),SNFGE,Cancer du rectum,2021
pnds_shu,Denis,"July 8, 2023 7:29 PM",https://sante.gouv.fr/IMG/pdf/shu_pnds_has_02_2021.pdf,"PED (https://www.notion.so/PED-271f6f29c76645f1bd54873f871b7d6e?pvs=21), NEP (https://www.notion.so/NEP-d090aa92851f4f88a3bac671a533d5a8?pvs=21)",N348N13 (https://www.notion.so/N348N13-f4ff6cea203e4371ad28d07a24c66d99?pvs=21),HAS,Protocole National de Diagnostic et de Soins (PNDS) - Le Syndrome Hémolytique et Urémique (SHU),2021
pec_paralysie_faciale,Denis,"July 8, 2023 9:41 PM",https://www.sforl.org/wp-content/uploads/2020/07/Recommandation-SFORL-Prise-en-charge-de-la-Paralysie-Faciale-Idiopathique-à-la-phase-aiguë-chez-l-adulte-2020.pdf,"MIT (https://www.notion.so/MIT-a7b5a826a7294230805d7008d02b8317?pvs=21), ORL (https://www.notion.so/ORL-6b74ef22009f4c7d86eeca4b67f0c02e?pvs=21)",N101N07 (https://www.notion.so/N101N07-cec3800bb46f4dd18dc8aaf805022695?pvs=21),SFORL,Prise en charge de la paralysie faciale Idiopathique à la phase aiguë chez l’adulte,2020
depistage_vih,Denis,"August 14, 2023 6:01 PM",https://www.has-sante.fr/upload/docs/application/pdf/2008-10/recommandations_-_depistage_de_linfection_par_le_vih_en_france_-_modalites_de_realisation_des_tests_de_depistage_2008-10-22_11-55-8_316.pdf,MIT (https://www.notion.so/MIT-a7b5a826a7294230805d7008d02b8317?pvs=21),N169N12 (https://www.notion.so/N169N12-732e4383528b4c15acb4bedc1766b59f?pvs=21),HAS,Recommandation sur le dépistage de l’infection par le VIH en France,2008
sd_mononucleosique,Denis,"August 17, 2023 6:44 PM",https://hematocell.fr/pathologie-lymphoide/syndromes-mononucleosiques,"HEM (https://www.notion.so/HEM-58376ef0b4724a19aa26b12d52d62aa8?pvs=21), MII (https://www.notion.so/MII-b35ed2b2ea584bdc80f106ffdb527c56?pvs=21), MIT (https://www.notion.so/MIT-a7b5a826a7294230805d7008d02b8317?pvs=21)",N217N02 (https://www.notion.so/N217N02-9ff93bfbfffe437cafca9cf8a3999167?pvs=21),Hématocell,Syndromes mononucléosiques,2011
ponction_lombaire,Denis,"August 17, 2023 7:02 PM",https://www.has-sante.fr/upload/docs/application/pdf/2019-07/fm_ponction_lombaire.pdf,"MIT (https://www.notion.so/MIT-a7b5a826a7294230805d7008d02b8317?pvs=21), NEU (https://www.notion.so/NEU-9bcfc12415c6451d93ac2feabe6c356e?pvs=21)","N100N05 (https://www.notion.so/N100N05-2ac5edb0d812439281a419dd7c7d13b6?pvs=21), N151N10 (https://www.notion.so/N151N10-7a7a3baf83834ac6ba7b259a735aac01?pvs=21)",HAS,Prévention et prise en charge des effets indésirables pouvant survenir après une ponction lombaire.,2019
irc_has,Denis,"August 29, 2023 12:40 AM",https://www.has-sante.fr/upload/docs/application/pdf/2021-09/guide__mrc.pdf,NEP (https://www.notion.so/NEP-d090aa92851f4f88a3bac671a533d5a8?pvs=21),N264N15 (https://www.notion.so/N264N15-801fdad389e4483b9b80108f15dcc5c5?pvs=21),HAS,Guide du parcours de soins - Maladie rénale chronique de l’adulte (MRC),2021
chute_repetee,Denis,"August 31, 2023 7:57 PM",https://www.has-sante.fr/upload/docs/application/pdf/2009-06/chutes_personnes_agees_synthese.pdf,GER (https://www.notion.so/GER-7af7f32a3690433d871e3526db25fce7?pvs=21),N131N09 (https://www.notion.so/N131N09-08ce3bdccec640b78b2b955c76a34923?pvs=21),HAS,Évaluation et prise en charge des personnes âgées faisant des chutes répétées,2009
atb_enterobacteries,Denis,"September 10, 2023 2:24 PM",https://www.infectiologie.com/UserFiles/File/spilf/recos/2019-synthese-infections-enterobacteries.pdf,MIT (https://www.notion.so/MIT-a7b5a826a7294230805d7008d02b8317?pvs=21),"N161N12 (https://www.notion.so/N161N12-cb810d71702847d7ac2e154c483d00a9?pvs=21), N161N02 (https://www.notion.so/N161N02-78414add840c48ee9de03b4f136aa18b?pvs=21)",HAS,Antibiothérapie des infections à entérobactéries et à Pseudomonas aeruginosa chez l’adulte : place des carbapénèmes et de leurs alternatives,2019
hbp_reco_afu,Denis,"September 16, 2023 2:57 PM",https://doi.org/10.1016/j.purol.2015.02.008,URO (https://www.notion.so/URO-a3bef97eb2704fe9b9d8a5d2d86478e5?pvs=21),N127N09 (https://www.notion.so/N127N09-7271415587d844a28904fc1887b5cb34?pvs=21),AFU,Guide de prise en charge en médecine générale des symptômes du bas appareil urinaire de l’homme liés à une hyperplasie bénigne de la prostate,2015
pnds_dip,Denis,"September 16, 2023 11:07 PM",https://www.has-sante.fr/upload/docs/application/pdf/2023-04/synthese_mg_deficits_immunitaires_hereditaires.pdf,MII (https://www.notion.so/MII-b35ed2b2ea584bdc80f106ffdb527c56?pvs=21),N189N03 (https://www.notion.so/N189N03-a1505b9ef26d433fbd0ddc8c812167cd?pvs=21),HAS,Déficits immunitaires héréditaires,2022
pnds_thalassemies,Denis,"September 17, 2023 11:09 AM",https://www.has-sante.fr/upload/docs/application/pdf/2021-07/pnds_syndromes_thalassemiques_majeurs_et_intermediaires.pdf,"HEM (https://www.notion.so/HEM-58376ef0b4724a19aa26b12d52d62aa8?pvs=21), GEN (https://www.notion.so/GEN-d8987e3e513a4a8ea83bca7c9f9c30fc?pvs=21)",N213N07 (https://www.notion.so/N213N07-02eb3e78aa204e218b2e438328cf8f9d?pvs=21),HAS,PNDS Syndromes thalassémiques majeurs et intermédiaires,2021
prescription_activite_physique,Denis,"September 21, 2023 10:15 PM",https://www.has-sante.fr/upload/docs/application/pdf/2018-10/guide_aps_vf.pdf,"MPR (https://www.notion.so/MPR-8b559d446be84fa6bb02ba55e7243d70?pvs=21), NUT (https://www.notion.so/NUT-43b662e11b3c41f0aa4cce9a77c9dd48?pvs=21)",N249N07 (https://www.notion.so/N249N07-3149953c2d5a4ee4b7f5c3b63221d294?pvs=21),HAS,Consultation et prescription médicale d’activité physique à des fins de santé chez l’adulte,2022
pnns_activite_physique,Denis,"September 21, 2023 10:17 PM",https://www.anses.fr/fr/system/files/NUT2012SA0155Ra.pdf,"MPR (https://www.notion.so/MPR-8b559d446be84fa6bb02ba55e7243d70?pvs=21), NUT (https://www.notion.so/NUT-43b662e11b3c41f0aa4cce9a77c9dd48?pvs=21)",N249N07 (https://www.notion.so/N249N07-3149953c2d5a4ee4b7f5c3b63221d294?pvs=21),ANSES,Actualisation des repères du PNNS - Révisions des repères relatifs à l’activité physique et à la sédentarité.,2016
hcsp_enquete_tuberculose,Antoine D,"September 29, 2023 6:55 PM",https://www.hcsp.fr/explore.cgi/avisrapportsdomaine?clefr=391,"MIT (https://www.notion.so/MIT-a7b5a826a7294230805d7008d02b8317?pvs=21), PNE (https://www.notion.so/PNE-919294f827b84a9a9180f7679a2c1170?pvs=21)",N159N15 (https://www.notion.so/N159N15-4b2ac1f74a7842718b8b45fb38d7edf6?pvs=21),HCSP,Enquête autour d’un cas de tuberculose : recommandations pratiques,2013
precautions_air_gouttelettes,Antoine D,"September 29, 2023 6:58 PM",https://www.sf2h.net/publications/prevention-de-la-transmission-croisee-par-voie-respiratoire-air-ou-gouttelettes.html,"SPU_SPU (https://www.notion.so/SPU_SPU-c6389188e0b841268ede395b2f9e106b?pvs=21), MIT (https://www.notion.so/MIT-a7b5a826a7294230805d7008d02b8317?pvs=21)",N004N44 (https://www.notion.so/N004N44-c247c7b37fb7465294329b426c3d983f?pvs=21),SF2H,Recommandations nationales. Prévention de la transmission croisée par voie respiratoire : air ou gouttelettes.,2013
precautions_contact,Antoine D,"September 29, 2023 6:58 PM",https://www.sf2h.net/publications/prevention-de-la-transmission-croisee-precautions-complementaires-contact.html,"SPU_SPU (https://www.notion.so/SPU_SPU-c6389188e0b841268ede395b2f9e106b?pvs=21), MIT (https://www.notion.so/MIT-a7b5a826a7294230805d7008d02b8317?pvs=21)",N004N44 (https://www.notion.so/N004N44-c247c7b37fb7465294329b426c3d983f?pvs=21),SF2H,Recommandations nationales. Prévention de la transmission croisée : précautions complémentaires contact.,2009
denutrition_sujet_age,Antoine D,"October 29, 2023 3:00 PM",https://www.has-sante.fr/upload/docs/application/pdf/2021-11/reco368_recommandations_denutrition_pa_cd_20211110_v1.pdf,"GER (https://www.notion.so/GER-7af7f32a3690433d871e3526db25fce7?pvs=21), NUT (https://www.notion.so/NUT-43b662e11b3c41f0aa4cce9a77c9dd48?pvs=21), MPR (https://www.notion.so/MPR-8b559d446be84fa6bb02ba55e7243d70?pvs=21)",N250N07 (https://www.notion.so/N250N07-3c9b76f98cd34ed495a045a8006ddd98?pvs=21),HAS,Diagnostic de la dénutrition chez la personne de 70 ans et plus,2021
memo_maltraitance,Antoine D,"October 30, 2023 5:21 PM",https://www.has-sante.fr/jcms/c_1775450/fr/maltraitance-enfant-fiche-memo-mise-a-jour-juillet-2017,PED (https://www.notion.so/PED-271f6f29c76645f1bd54873f871b7d6e?pvs=21),,HAS,Fiche Mémo. Maltraitance chez l’enfant : repérage et conduite à tenir,2017
dysthyroidies,Denis,"November 18, 2023 11:41 AM",https://www.has-sante.fr/jcms/p_3216305/fr/prise-en-charge-des-dysthyroidies-chez-l-adulte,EDN (https://www.notion.so/EDN-2e8c96d3b2ca476f90ac832e2154596e?pvs=21),"N242N08 (https://www.notion.so/N242N08-371c1e08a9ed480e98122605c22c76dd?pvs=21), N242N12 (https://www.notion.so/N242N12-b2794a679b8646a8b2a4a242c8414d93?pvs=21), N242N06 (https://www.notion.so/N242N06-4d8adfcd926044acaaaa9faf755ae081?pvs=21), N243N06 (https://www.notion.so/N243N06-7bb91ceceb70425ba4a0b1611222f309?pvs=21), N243N05 (https://www.notion.so/N243N05-5d2954a5a1b94c64b995c1be45295afb?pvs=21)",HAS,Prise en charge des dysthyroïdies chez l’adulte,2023
depistage_k_sein,Denis,"November 25, 2023 10:59 AM",https://has-sante.fr/upload/docs/application/pdf/2015-04/refces_k_du_sein_vf.pdf,"GYO (https://www.notion.so/GYO-6481918bf3ba4cb298b95d37eb7b4161?pvs=21), ONC (https://www.notion.so/ONC-6b8ef9eef2604c1db839015a29d2d780?pvs=21)",N312N05 (https://www.notion.so/N312N05-9db4fd1584484e87a0197ea6c7007471?pvs=21),HAS,Dépistage et prévention du cancer du sein,2015
brca_prevention,Denis,"November 25, 2023 10:29 PM",https://www.e-cancer.fr/Expertises-et-publications/Catalogue-des-publications/Synthese-Femmes-porteuses-d-une-mutation-de-BRCA1-ou-BRCA2-Detection-precoce-du-cancer-du-sein-et-des-annexes-et-strategies-de-reduction-du-risque,"ONC (https://www.notion.so/ONC-6b8ef9eef2604c1db839015a29d2d780?pvs=21), GYO (https://www.notion.so/GYO-6481918bf3ba4cb298b95d37eb7b4161?pvs=21)",N312N03 (https://www.notion.so/N312N03-0f8f96805813462b8fff9413393b92ec?pvs=21),INCa,Femmes porteuses d'une mutation de BRCA1 ou BRCA2,2017
sd_cave_sup,Denis,"December 17, 2023 7:37 PM",https://www.afsos.org/wp-content/uploads/2016/09/2014_12_12_J2R_urgences_synd_cave_sup_VF.pdf,"HEM (https://www.notion.so/HEM-58376ef0b4724a19aa26b12d52d62aa8?pvs=21), PNE (https://www.notion.so/PNE-919294f827b84a9a9180f7679a2c1170?pvs=21)",N319N02 (https://www.notion.so/N319N02-d0894bb9b0284290b9be58b42c0f4621?pvs=21),AFSOS,Syndrome Cave Supérieur,2014
supplementation_vit_d,Denis,"January 7, 2024 5:56 PM",https://www.sciencedirect.com/science/article/pii/S0929693X22000732?via%3Dihub,PED (https://www.notion.so/PED-271f6f29c76645f1bd54873f871b7d6e?pvs=21),N048N01 (https://www.notion.so/N048N01-7d9e9c46c92d42e3b6db27d9285884bb?pvs=21),SFP,Apports en vitamine D et en calcium en population générale pédiatrique : Un document de consensus d'experts français,2022
fondamentaux_pathologie_digestive,Mustafa Habib,"April 27, 2024 7:12 PM",https://www.elsevier-masson.fr/les-fondamentaux-de-la-pathologie-digestive-9782294731181.html,"HGE (https://www.notion.so/HGE-1919b6f7cd214ce182d463189ac67f00?pvs=21), CVD (https://www.notion.so/CVD-c21f3ce5df994a788b75c28a6dda07a6?pvs=21)",,SNFGE,Les fondamentaux de la pathologie digestive,2015
activite_physique_sportive,Mustafa Habib,"April 27, 2024 7:16 PM",https://www.unitheque.com/referentiel-college-activite-physique-sportive-facteur-sante/referentiels-des-colleges/elsevier-masson/Livre/145077,MPR (https://www.notion.so/MPR-8b559d446be84fa6bb02ba55e7243d70?pvs=21),,CFEMCTES,Réferentiel d’activité physique et sportive : facteur de santé,2019
consort_statment,Mustafa Habib,"August 17, 2024 5:04 PM",https://bmcmedicine.biomedcentral.com/articles/10.1186/1741-7015-8-18,"LCA (https://www.notion.so/LCA-8ad93473ea2e4a008b38669bdba1b74c?pvs=21), LCA12 (https://www.notion.so/LCA12-ece02a51e77545af99c1ec554b616b3b?pvs=21), SPU_LCA (https://www.notion.so/SPU_LCA-3eb292e5a5f2481ea47ce5da79a6c9a4?pvs=21)",N323N21 (https://www.notion.so/N323N21-e8e8013785404605afb21c91f8ecccb7?pvs=21),BMJ,"The CONSORT statement, 2010",2010
notation_docimologie,Denis,"August 18, 2024 3:07 PM",https://asclepia.io/img/documents/docimologiecsm2023.pdf,,,CSM,Règles générales de notation adoptées par le conseil scientifique en médecine,2023
obésité_bariatrique,Mustafa Habib,"September 29, 2024 9:32 PM",https://www.has-sante.fr/upload/docs/application/pdf/2024-02/reco369_recommandations_obesite_2e_3e_niveaux_ii_cd_2024_02_08_preparation_mel.pdf,"EDN (https://www.notion.so/EDN-2e8c96d3b2ca476f90ac832e2154596e?pvs=21), NUT (https://www.notion.so/NUT-43b662e11b3c41f0aa4cce9a77c9dd48?pvs=21)",N253N12 (https://www.notion.so/N253N12-6f47447aca1f42669c3aad5b68673f60?pvs=21),HAS,Obésité de l’adulte : prise en charge de 2e et 3e niveaux Partie II : pré et post-chirurgie bariatrique,2024
atb_eabpco,Mustafa Habib,"September 29, 2024 9:34 PM",https://www.has-sante.fr/upload/docs/application/pdf/2024-07/reco362__fiche_memo_eabpco_mel.pdf,"MIT (https://www.notion.so/MIT-a7b5a826a7294230805d7008d02b8317?pvs=21), PNE (https://www.notion.so/PNE-919294f827b84a9a9180f7679a2c1170?pvs=21)",N209N11 (https://www.notion.so/N209N11-e74053b2975242969d761ff137fdf37b?pvs=21),HAS,Choix et durées d’antibiothérapies dans les exacerbations aiguës de bronchopneumopathie chronique obstructive (EABPCO),2024
pnns,Denis,"May 29, 2025 1:21 PM",https://www.mangerbouger.fr/l-essentiel/les-recommandations-sur-l-alimentation-l-activite-physique-et-la-sedentarite,,N248N09 (https://www.notion.so/N248N09-6014eb78134b4ce9825b62067f69acf4?pvs=21),HCSP,"Les recommandations sur l’alimentation, l’activité physique et la sédentarité",2025
prevention_mort_nourrisson,Denis,"July 11, 2025 3:03 PM",https://www.has-sante.fr/upload/docs/application/pdf/2020-02/reco276_fiche_memo_deformatons_craniennes_min_cd_2020_02_05_v11_fev.pdf,PED (https://www.notion.so/PED-271f6f29c76645f1bd54873f871b7d6e?pvs=21),N345N08 (https://www.notion.so/N345N08-f58e3a76f19548749dfdbe433a4265f4?pvs=21),HAS,Prévention des déformations crâniennes positionnelles et mort inattendue du nourrisson,2020
infections_staph_aureus,Denis,"July 11, 2025 3:09 PM",https://www.msdmanuals.com/fr/accueil/infections/infections-bactériennes-bactéries-gram-positives/infections-à-staphylococcus-aureus,MIT (https://www.notion.so/MIT-a7b5a826a7294230805d7008d02b8317?pvs=21),,MSD,Infections à Staphylococcus aureus,2025
rcp,Denis,"July 19, 2025 8:49 PM",https://www.has-sante.fr/upload/docs/application/pdf/2017-11/reunion_de_concertation_pluridisciplinaire.pdf,ONC (https://www.notion.so/ONC-6b8ef9eef2604c1db839015a29d2d780?pvs=21),N294N18 (https://www.notion.so/N294N18-5ada32edbee041f5a71208b56f055e4e?pvs=21),HAS,Réunion de concertation pluridisciplinaire,2017
visite_reprise_prereprise,Denis,"July 19, 2025 8:51 PM",https://travail-emploi.gouv.fr/la-visite-de-pre-reprise-et-la-visite-de-reprise,MLT_T (https://www.notion.so/MLT_T-d0d08d2ed8ed4647a4cf48f09a824998?pvs=21),N183N02 (https://www.notion.so/N183N02-5a8fb6c7aede460c8b6d8a595a5f69f2?pvs=21),Travail Emploi,La visite de pré-reprise et la visite de reprise,2022
ttt_cystite,Denis,"July 19, 2025 8:55 PM",https://www.has-sante.fr/jcms/c_2722827/fr/choix-et-duree-de-l-antibiotherapie-cystite-aigue-simple-a-risque-de-complication-ou-recidivante-de-la-femme,"MIT (https://www.notion.so/MIT-a7b5a826a7294230805d7008d02b8317?pvs=21), GYM (https://www.notion.so/GYM-7f3f042a183440d58ee3eb0ba6e43f6d?pvs=21), URO (https://www.notion.so/URO-a3bef97eb2704fe9b9d8a5d2d86478e5?pvs=21)",N161N10 (https://www.notion.so/N161N10-5b55a13c8a2141aa81883f28266cac61?pvs=21),HAS,"Choix et durée de l'antibiothérapie : Cystite aiguë simple, à risque de complication ou récidivante, de la femme",2021
proche_fin_vie,Denis,"July 19, 2025 9:01 PM",https://www.ameli.fr/assure/droits-demarches/famille/proche-fin-vie/proche-fin-vie,"DSP (https://www.notion.so/DSP-a6345e53837148ce8e35250e7ba291e2?pvs=21), ARE (https://www.notion.so/ARE-2b701790c9e44d7d8c1f5acb0ec401ed?pvs=21)",N139N08 (https://www.notion.so/N139N08-2fd0e943a83946649c11ad101ab7577f?pvs=21),ameli.fr,Proche en fin de vie et congé de solidarité familiale,2025
allocation_journaliere_accompagnement,Denis,"July 19, 2025 9:02 PM",https://www.ameli.fr/meurthe-et-moselle/assure/remboursements/pensions-allocations-rentes/allocation-journaliere-accompagnement,"DSP (https://www.notion.so/DSP-a6345e53837148ce8e35250e7ba291e2?pvs=21), ARE (https://www.notion.so/ARE-2b701790c9e44d7d8c1f5acb0ec401ed?pvs=21)",N139N08 (https://www.notion.so/N139N08-2fd0e943a83946649c11ad101ab7577f?pvs=21),ameli.fr,Bénéficier de l'allocation journalière d'accompagnement d'une personne en fin de vie,2025
accord_prealable,Denis,"July 19, 2025 9:06 PM",https://www.ameli.fr/medecin/exercice-liberal/presciption-prise-charge/accord-prealable/accord-prealable,"TPT (https://www.notion.so/TPT-57ff030465c14170ae6610c5011306b8?pvs=21), MPR (https://www.notion.so/MPR-8b559d446be84fa6bb02ba55e7243d70?pvs=21)",N328N03 (https://www.notion.so/N328N03-1073498c2643462397974892b9102dcf?pvs=21),ameli.fr,Accord préalable : mode d’emploi,2025
pec_nn_inbp,Denis,"July 19, 2025 9:24 PM",https://www.sfpediatrie.com/sites/www.sfpediatrie.com/files/documents/label_has_recommandations_inbp.09.2017.pdf,PED (https://www.notion.so/PED-271f6f29c76645f1bd54873f871b7d6e?pvs=21),N032N07 (https://www.notion.so/N032N07-94c8327a83e44ff5a65c7c532f6475c7?pvs=21),HAS,Prise en charge du nouveau-néà risque d’infection néonatale bactérienne précoce (≥ 34 SA),2017
participation_forfaitaire,Denis,"July 19, 2025 9:27 PM",https://www.ameli.fr/meurthe-et-moselle/assure/remboursements/reste-charge/participation-forfaitaire-2-euros,SPU_SPU (https://www.notion.so/SPU_SPU-c6389188e0b841268ede395b2f9e106b?pvs=21),N019N10 (https://www.notion.so/N019N10-5b62cdc82e15400e8bee3ae776ca2380?pvs=21),ameli.fr,La participation forfaitaire de 2 €,2025
franchise_medicale,Denis,"July 19, 2025 9:28 PM",https://www.ameli.fr/meurthe-et-moselle/assure/remboursements/reste-charge/franchise-medicale,SPU_SPU (https://www.notion.so/SPU_SPU-c6389188e0b841268ede395b2f9e106b?pvs=21),N019N10 (https://www.notion.so/N019N10-5b62cdc82e15400e8bee3ae776ca2380?pvs=21),ameli.fr,La franchise médicale,2025
img,Denis,"July 19, 2025 9:29 PM",https://www.service-public.fr/particuliers/vosdroits/F1101,"MLT_L (https://www.notion.so/MLT_L-3b4409680d0e46f493a28acd02621e05?pvs=21), GYM (https://www.notion.so/GYM-7f3f042a183440d58ee3eb0ba6e43f6d?pvs=21)",N009N14 (https://www.notion.so/N009N14-d962c488ad804f7a97b1385ea9445d44?pvs=21),service-public.fr,Interruption médicale de grossesse (IMG),2024
regles_notation_edn,Denis,"July 19, 2025 9:30 PM",https://www.cng.sante.fr/sites/default/files/media/2024-10/r2c-docimologie-et-correction-valide-cosui-24-25.pdf,,,CSM,Règles générales de notation,2025
trouble_bipolaire,Denis,"July 19, 2025 9:44 PM",https://www.has-sante.fr/jcms/c_1747465/fr/patient-avec-un-trouble-bipolaire-reperage-et-prise-en-charge-initiale-en-premier-recours,PSY (https://www.notion.so/PSY-ef2a135d3a4c486e812ea75f3d9a4aa5?pvs=21),N064N10 (https://www.notion.so/N064N10-9d8ea0eeb3b94da8b80f304be0387e5b?pvs=21),HAS,Patient avec un trouble bipolaire : repérage et prise en charge initiale en premier recours,2015
endometriose,Denis,"August 12, 2025 6:08 PM",https://www.has-sante.fr/upload/docs/application/pdf/2018-01/prise_en_charge_de_lendiometriose_-_demarche_diagnostique_et_traitement_medical_-_fiche_de_synthese.pdf,"GYO (https://www.notion.so/GYO-6481918bf3ba4cb298b95d37eb7b4161?pvs=21), GYM (https://www.notion.so/GYM-7f3f042a183440d58ee3eb0ba6e43f6d?pvs=21)","N041N04 (https://www.notion.so/N041N04-c4c08f197025423ab6e11212aba925cb?pvs=21), N041N05 (https://www.notion.so/N041N05-5a5765f8738341c889771e8133927e2b?pvs=21), N041N07 (https://www.notion.so/N041N07-8179d730a5a744cca6f3a2dacbf8afa7?pvs=21)",HAS,Prise en charge de l’endométriose : Démarche diagnostique et traitement médical,2017
chestxray_saunders,Denis,"August 14, 2025 7:38 PM",https://www.google.fr/books/edition/The_Chest_X_Ray_A_Survival_Guide/6VhrsA6u4IMC?hl=en&gbpv=1&pg=PA1&printsec=frontcover,PNE (https://www.notion.so/PNE-919294f827b84a9a9180f7679a2c1170?pvs=21),N203N07 (https://www.notion.so/N203N07-9bf5c50ecee84335ad02301c2462955a?pvs=21),Saunders Elsevier,The Chest X-Ray: A Survival Guide,2008
entorse_cheville,Denis,"August 15, 2025 12:05 AM",https://www.has-sante.fr/upload/docs/application/pdf/2025-05/_reco475_entorse_cheville_diagdiff.pdf,"COT (https://www.notion.so/COT-bdd92695910443918e277e246b3f1c15?pvs=21), PED (https://www.notion.so/PED-271f6f29c76645f1bd54873f871b7d6e?pvs=21)",N361N16 (https://www.notion.so/N361N16-0aa3947b61bd464db7cc71f2738e092c?pvs=21),HAS,"Entorse du ligament collatéral latéral (ligament latéral externe) de cheville : diagnostic, rééducation et reprise de l’activité physique et de la pratique sportive",2025
insuffisance_ovarienne_precoce,Denis,"August 15, 2025 9:06 PM",https://www.has-sante.fr/upload/docs/application/pdf/2021-05/synthese_mg_insuffisance_ovarienne_prematuree.pdf,"GYO (https://www.notion.so/GYO-6481918bf3ba4cb298b95d37eb7b4161?pvs=21), EDN (https://www.notion.so/EDN-2e8c96d3b2ca476f90ac832e2154596e?pvs=21), GYM (https://www.notion.so/GYM-7f3f042a183440d58ee3eb0ba6e43f6d?pvs=21)",N042N06 (https://www.notion.so/N042N06-450a309d585b40b3bd75f8999a2d8467?pvs=21),HAS,Insuffisance ovarienne prématurée,2021
ttt_douleur_neuropathique,Denis,"August 16, 2025 8:30 PM",https://www.sfetd-douleur.org/wp-content/uploads/2021/02/synthèse-RECOS-DN-langue-française1.pdf,DSP (https://www.notion.so/DSP-a6345e53837148ce8e35250e7ba291e2?pvs=21),N135N04 (https://www.notion.so/N135N04-4cde92ff502b46f6841789ca2f436bfa?pvs=21),SFETD,Traitements pharmacologiques et non pharmacologiques de la douleur neuropathique : une synthèse des recommandations françaises,2020
obesite_guide_parcours,Denis,"August 17, 2025 3:11 AM",https://www.has-sante.fr/upload/docs/application/pdf/2023-02/guide._parcours_surpoids-obesite_de_ladulte.pdf,"EDN (https://www.notion.so/EDN-2e8c96d3b2ca476f90ac832e2154596e?pvs=21), NUT (https://www.notion.so/NUT-43b662e11b3c41f0aa4cce9a77c9dd48?pvs=21)",N253N07 (https://www.notion.so/N253N07-efd70293a671478b904302a58ac92d5a?pvs=21),HAS,Guide du parcours de soins : surpoids et obésité de l’adulte,2024
diag_ttt_evolution_cystite,manolo,"October 22, 2025 8:59 AM",https://www.ameli.fr/assure/sante/themes/cystite/diagnostic-traitement-evolution,"MIT (https://www.notion.so/MIT-a7b5a826a7294230805d7008d02b8317?pvs=21), URO (https://www.notion.so/URO-a3bef97eb2704fe9b9d8a5d2d86478e5?pvs=21)",N161N20 (https://www.notion.so/N161N20-27914474022346b4b194b026d445f7b4?pvs=21),ameli.fr,"Diagnostic, traitement et évolution de la cystite",2025
pec_cystite_recidivante,manolo,"October 27, 2025 8:41 AM",https://www.urofrance.org/2023/02/07/cystite-recidivante-du-depistage-a-la-prise-en-charge-optimale/,"URO (https://www.notion.so/URO-a3bef97eb2704fe9b9d8a5d2d86478e5?pvs=21), MIT (https://www.notion.so/MIT-a7b5a826a7294230805d7008d02b8317?pvs=21)",,AFU,Cystite récidivante : du dépistage à la prise en charge optimale,2023
diag_spondyloarthrites,Dana Smaily,"October 29, 2025 12:39 PM",https://www.has-sante.fr/upload/docs/application/pdf/2009-11/spondylarthrites_-_diagnostic_-_argumentaire.pdf,RHU (https://www.notion.so/RHU-0670a384f08745d8b1b9d160192c78db?pvs=21),N197N01 (https://www.notion.so/N197N01-ed7413ff5f9f4e099ae9c21d8924e319?pvs=21),HAS,Diagnostic des spondylarthrites,2008
sdra,manolo,"November 9, 2025 3:36 PM",https://link.springer.com/article/10.1007/s00134-023-07050-7,"PNE (https://www.notion.so/PNE-919294f827b84a9a9180f7679a2c1170?pvs=21), ARE (https://www.notion.so/ARE-2b701790c9e44d7d8c1f5acb0ec401ed?pvs=21), MIR (https://www.notion.so/MIR-ebaa00d93ea4444b8d820001833c3bc5?pvs=21)",N359N05 (https://www.notion.so/N359N05-04c2e5a25d2d49cdb0a5cce30736f400?pvs=21),,"ESICM guidelines on acute respiratory
distress syndrome: definition, phenotyping
and respiratory support strategies",2023
genetique_constitutionnelle,Dana Smaily,"November 15, 2025 1:41 PM",https://www.has-sante.fr/upload/docs/application/pdf/2013-02/regles_de_bonne_pratique_en_genetique_constitutionnelle_a_des_fins_medicales.pdf,GEN (https://www.notion.so/GEN-d8987e3e513a4a8ea83bca7c9f9c30fc?pvs=21),N009N27 (https://www.notion.so/N009N27-625974f35c1c401fa785c92c476ebcda?pvs=21),"ABM, HAS",Bonnes pratiques en génétique constitutionnelle à des fins médicales,2013
fdr_cv,Dana Smaily,"November 22, 2025 6:52 PM",https://www.escardio.org/Education/Practice-Tools/CVD-prevention-toolbox/SCORE-Risk-Charts,MCA (https://www.notion.so/MCA-9cfc22bcc3ad4ddbb371a939bfac9817?pvs=21),N222N05 (https://www.notion.so/N222N05-da28f54ba0254dd691063b8e57417903?pvs=21),ESC,SCORE2 and SCORE2-OP,2021
endocardite,Dana Smaily,"November 22, 2025 7:12 PM",https://academic.oup.com/eurheartj/article/44/39/3948/7243107?login=false,MCA (https://www.notion.so/MCA-9cfc22bcc3ad4ddbb371a939bfac9817?pvs=21),N152N03 (https://www.notion.so/N152N03-a901ffe54927416a980ca91ebda60da3?pvs=21),ESC,Guidelines for the management of endocarditis,2021
pnds_pti_2,Dana Smaily,"November 26, 2025 12:09 PM",https://www.has-sante.fr/upload/docs/application/pdf/2025-01/pnds_pti_de_ladulte_cerecai_2024.pdf,HEM (https://www.notion.so/HEM-58376ef0b4724a19aa26b12d52d62aa8?pvs=21),"N214N10 (https://www.notion.so/N214N10-0b39222c55394a829501301b94ea3724?pvs=21), N214N11 (https://www.notion.so/N214N11-878c8f170f7b44049de5e5dd31dc3975?pvs=21)",HAS,PNDS du purpura thrombopénique immunologique,2024
pericardites_myocardites,Dana Smaily,"November 26, 2025 1:29 PM",https://www.escardio.org/Guidelines/Clinical-Practice-Guidelines/Myocarditis-and-Pericarditis,MCA (https://www.notion.so/MCA-9cfc22bcc3ad4ddbb371a939bfac9817?pvs=21),"N235N01 (https://www.notion.so/N235N01-eee9baaeea58464aae377cf71bbb144d?pvs=21), N235N02 (https://www.notion.so/N235N02-9609fd8c94584302bc37374a92c490b9?pvs=21), N235N03 (https://www.notion.so/N235N03-d77a4b4bc9a44903afde699d1e72def2?pvs=21), N235N04 (https://www.notion.so/N235N04-0efc395db4ea4ca28ab76aedd57c487f?pvs=21), N235N05 (https://www.notion.so/N235N05-ac4b44d6713c4d249c9bf0ca1c1ae75c?pvs=21)",ESC,2025 ESC Guidelines for the management of myocarditis and pericarditis,2025
valvulopathies,Dana Smaily,"November 29, 2025 12:48 PM",https://academic.oup.com/eurheartj/article/46/44/4635/8234488?login=false,MCA (https://www.notion.so/MCA-9cfc22bcc3ad4ddbb371a939bfac9817?pvs=21),N233N08 (https://www.notion.so/N233N08-99ebf41ae4f9427384ff0166fd303500?pvs=21),ESC,Guidelines for the management of valvular heart disease,2025
eias,manolo,"December 19, 2025 2:52 PM",https://www.has-sante.fr/upload/docs/application/pdf/2021-10/fiche_information_patients.pdf,SPU_SPU (https://www.notion.so/SPU_SPU-c6389188e0b841268ede395b2f9e106b?pvs=21),N004N03 (https://www.notion.so/N004N03-8fd2f4d155ce4292bb08bd8b3fdd9f68?pvs=21),HAS,"Évènement indésirable associé aux soins ",2021
divulgation_dossier_medical,manolo,"December 19, 2025 4:23 PM",https://www.legifrance.gouv.fr/codes/article_lc/LEGIARTI000025843580,"MLT_L (https://www.notion.so/MLT_L-3b4409680d0e46f493a28acd02621e05?pvs=21), SPU_SPU (https://www.notion.so/SPU_SPU-c6389188e0b841268ede395b2f9e106b?pvs=21)","N005N01 (https://www.notion.so/N005N01-9701d21e1cc94257ba92f41c17c8b1d3?pvs=21), N005N05 (https://www.notion.so/N005N05-4c8cd7d2a2634c9a9ef9f7531466ae61?pvs=21)",Légifrance,"Article R4127-45, Code de déontologie médicale",2012
antibioprophylaxie,manolo,"December 21, 2025 3:35 PM",https://sfar.org/download/antibioprophylaxie-en-chirurgie-et-medecine-interventionnelle/?wpdmdl=68362&refresh=694800970572b1766326423,"MIR (https://www.notion.so/MIR-ebaa00d93ea4444b8d820001833c3bc5?pvs=21), ARE (https://www.notion.so/ARE-2b701790c9e44d7d8c1f5acb0ec401ed?pvs=21), MIT (https://www.notion.so/MIT-a7b5a826a7294230805d7008d02b8317?pvs=21)",,,"Antibioprophylaxie en chirurgie et médecine
interventionnelle",2024
recos_ACR_2025,manolo,"February 10, 2026 8:52 AM",https://www.resuscitationjournal.com/article/S0300-9572(25)00321-1/fulltext,"ARE (https://www.notion.so/ARE-2b701790c9e44d7d8c1f5acb0ec401ed?pvs=21), MIR (https://www.notion.so/MIR-ebaa00d93ea4444b8d820001833c3bc5?pvs=21), MCA (https://www.notion.so/MCA-9cfc22bcc3ad4ddbb371a939bfac9817?pvs=21)",N331N07 (https://www.notion.so/N331N07-54f1f1e8464244f99eb85b4361c66c24?pvs=21),,"Recommandations européennes de prise en charge de l’arrêt cardiorespiratoire ",2025